publish_date,company_name,website,location,job_type,job_category,link
 2 October 2017,Sendinblue,sendinblue.com,Noida,Full-time employment,Programming,https://hasjob.co/buyinradius.com/q8vuw
 2 October 2017,PlacementSeason,www.placementseason.com,Bangalore,Full-time employment,Programming,https://hasjob.co/placementseason.com/ovzdr
 1 October 2017,Cashfree,cashfree.com,Bangalore,Full-time employment,Customer Support,https://hasjob.co/gocashfree.com/7anl7
 1 October 2017,Aaimaa Web Solutions,www.aaimaa.in,Jodhpur,Internship,Programming,https://hasjob.co/aaimaa.in/v7ozw
 1 October 2017,Eckovation Solutions Private Limited,www.eckovation.com,Delhi,Full-time employment,Programming,https://hasjob.co/eckovation.com/ioqh8
30 September 2017,S9fashion.com,www.s9fashion.com,Delhi,Freelance or consulting,Writer/Editor,https://hasjob.co/gmail.com/zq146
30 September 2017,uSthaan,usthaan.in,Full-time employment,Programming,https://hasjob.co/usthaan.in/hpsc5
30 September 2017,Merasite,merasite.in,Ahmedabad,Short-term contract,Programming,https://hasjob.co/merasite.in/iy0pd
30 September 2017,WildTrails,wildtrails.in,Bangalore,Freelance or consulting,Programming,https://hasjob.co/gmail.com/1fnvo
30 September 2017,Reflektive Labs Pvt. Ltd.,www.reflektive.com,Bangalore,Full-time employment,Programming,https://hasjob.co/reflektive.com/uhwl1
30 September 2017,OneModo Technologies,onemodo.com,Chennai,Full-time employment,Programming,https://hasjob.co/lifejourney.us/p6lmi
29 September 2017,Exceleron Software,www.exceleron.com,Bangalore,Full-time employment,Programming,https://hasjob.co/exceleron.com/8vz75
29 September 2017,VDB(Virtual diamon Boutique),WWW.vdbapp.com,Full-time employment,Testing,https://hasjob.co/vdbapp.com/t4cgo
29 September 2017,ExplorelifeTraveling,www.ExploreLifeTraveling.com,bangalore,Full-time employment,Programming,https://hasjob.co/explorelifetraveling.com/a1b43?b=1
28 September 2017,Quickcompany,www.quickcompany.in,New Delhi,Internship,Writer/Editor,https://hasjob.co/quickcompany.in/grede
28 September 2017,Myraa Technologies,www.myraatechnologies.com,Mumbai,Full-time employment,Programming,https://hasjob.co/myraatechnologies.com/98ezf
28 September 2017,Sugoi Labs,www.sugoilabs.com,Bangalore,Full-time employment,Programming,https://hasjob.co/sugoilabs.com/wktt9?b=1
28 September 2017,The Fashion Enterprise,www.thefashionenterprise.com,Mumbai,Full-time employment,Systems Administration,https://hasjob.co/thefashionenterprise.com/r3egv
28 September 2017,choosemybicycle.com,www.choosemybicycle.com/en,Chennai,Full-time employment,Programming,https://hasjob.co/choosemybicycle.com/ridy8
